First Name,Last Name,Home State,Undergraduate Alma Mater,Graduate Alma Mater,Thesis Focus,Tech Interest,Department/Team,Role,How many years have you worked at Google?,Mentee(s)
Corin,Hernandez,CA,Saint Mary's College of California,,,People Operations,Executive Recruiting- moonshots and bets,Leadership Recruiting Specialist,2,Saraah Cooper
Endia,Holmes,CA,Kennesaw State University,,,IT Infrastructure ,Corporate Eng/ Google Clous,IT Resident ,1,"Vensan Cabardo, Cynthia Sustaita "
Francis,Townsend-Merino,CA,San Diego State University,Stanford,Education Research,Software,Search,Software Engineering Manager,8,Anthony Ong
Mircea,Trofin,CA,"University of Waterloo, ON, Canada","University College Dublin, Ireland", A framework for removing redundant context management services in enterprise javaBeans application servers,"Compilers, Systems, applied ML",Compiler Optimization,SWE,4,Eduardo Todd-Jimenez
Austin,Hope,GA,Georgia Tech,,,"Compensation, Finance",People Operations,Executive Compensation Analyst,1.5,Cornelius Cooke
Ian,Schlesinger,NY,Georgetown University,,,Software Reliability,Waymo,Lead Software Reliability Engineer,6,"Aaron Sotelo, Jonathan Mckinley"
Megan,Potoski,CA,Stanford,,,Software,Android,Product Manager,2,"Jainel Torres, Anita Calmday"
Isaac,Clerencia,Spain,Universidad de Zaragoza,,,"Software, Videogames, Distributed Systems",Spanner,SRE,8,"Jesus Nunes, Bijesh Subedi"
Nauman,Rafique,CA,GIKI,Purdue University,Resources management in multicore processors,Storage,Storage Infrastructure,Sr. Engineering Manager,10,Matthew King
Ikenna,Ike,TX,Howard University,Howard University,Supply Chain Management and International Business Consulting,Cloud,Sustainability,PM,1,Jeff Beauplan
Julie,Wilker,WI,University of Wisconsin - Madison,University of Wisconsin - Madison,AI & Foundations of Computer Sciences,Software with a fondness for hardware,Communications & Photos,Sr. Program Manager,5,"Daniel Erhabor, Kay Sweebe"
Ammar,Aijazi,CA,University of Texas,,,Software,Project Fi,SWE,4,Kaleshwar Singh
Nathan,Martz,IN,Purdue University,,,Graphics,Augmented Reality,Product Manager,4.5,Kode Williams
Omar,Negrete,NM,University of New Mexico ,University of Wisconsin - Madison,DNA Synthesis and Nanotechnology,Hardware,Daydream/Optics,Prototype Production Manager,6,"Garrett Tolbert, Pedro Rivera"