First Name,Last Name,School,Current Classes,Home State,Java,Python,C++,HTML/CSS,JavaScript,Horoscope,Favorite Cuisine,Type of Diet,Favorite Music Genre
,,,,,,,,,,,,,
Jesus,Nunez,CSUDH,"Machine Learning, Software Enginnering, Database Systems, Theory Of Computation, Technical Interview",CA,Expert,Intermediate,Beginner,Expert,Intermediate,Libra,Mexican,Carnivore,Alternative
Arianna,Martinez,NMSU,"Machine Learning, Software Enginnering, Mobile Apps, Database Systems, Technical Interview",NM,Expert,Beginner,Expert,Beginner,Beginner,Virgo,Italian,Carnivore,Alternative
Marco,Salazar,NMSU,"Machine Learning, Software Enginnering, Mobile Apps, Product Management, Technical Interview",NM,Intermediate,Beginner,Beginner,Beginner,Beginner,Sagittarius,Italian,Carnivore,Alternative
Cynthia,Sustaita,UTEP,"Machine Learning, Mobile Apps, Database Systems, Product Management, Technical Interview",TX,Intermediate,Beginner,N/A,N/A,N/A,Cancer,Mexican,Carnivore,Alternative
Jacob,Espinoza,NMSU,"Machine Learning, Mobile Apps, Database Systems, Product Management, Technical Interview",NM,Expert,Beginner,Intermediate,Beginner,N/A,Capricorn,Italian,Carnivore,EDM
Ruel,Gordon,Howard,"Machine Learning, Fundamentals of Algorithms, Software Enginnering, Database Systems, Theory Of Computation, Technical Interview",DC,Beginner,Expert,Expert,Beginner,Beginner,N/A,Chinese,Carnivore,K-Pop
Aaron,Sotelo,CSUDH,"Machine Learning, Fundamentals of Algorithms, Software Enginnering, Theory Of Computation, Technical Interview",CA,Expert,Intermediate,Beginner,Intermediate,Intermediate,Scorpio,Mexican,Omnivore,Metal
Jorde,Guevara,CSUDH,"Machine Learning, Fundamentals of Algorithms, Software Enginnering, Theory Of Computation, Technical Interview",CA,Expert,Beginner,Intermediate,Expert,Intermediate,pisces,Mexican,Vegan,Hip-Hop/Rap
Fernando,Rodriguez,UPRM,"Machine Learning, Mobile Apps, Product Management, Theory Of Computation",PR,Expert,Intermediate,N/A,Intermediate,Intermediate,Aquarius,Italian,Carnivore,Dance/Electronic
Lianne,Sánchez Rodríguez,UPRM,"Machine Learning, Software Enginnering, Mobile Apps, Product Management, Technical Interview",PR,Expert,Intermediate,N/A,N/A,Beginner,Aries,Italian,Carnivore,Spanish
Kristalys,Ruiz,UPRM,"Machine Learning, Fundamentals of Algorithms, Software Enginnering, Mobile Apps",PR,Expert,Expert,N/A,Intermediate,Intermediate,Aquarius,Italian,Carnivore,Gospel
Joshua,Smith,Morgan State,"Machine Learning, Fundamentals of Algorithms, Database Systems, Product Management, Theory Of Computation, Technical Interview",MD,Beginner,Intermediate,N/A,Beginner,Beginner,Aries,Soul Food,Carnivore,RnB/Soul
Pedro,Rivera,UPRM,"Fundamentals of Algorithms, Software Enginnering, Mobile Apps, Product Management, Technical Interview",PR,Expert,Intermediate,N/A,Beginner,Beginner,Libra,PuertoRican/Caribbean Food,Carnivore,Latin Jazz
Cornelius,Cooke,FAMU,"Fundamentals of Algorithms, Software Enginnering, Mobile Apps, Technical Interview",TX,N/A,N/A,Intermediate,Beginner,N/A,Taurus,Mexican,Omnivore,K-Pop
Garrett,Tolbert,FAMU,"Fundamentals of Algorithms, Software Enginnering, Database Systems, Theory Of Computation",FL,N/A,Beginner,Intermediate,Expert,Intermediate,Scorpio,Soul Food,Carnivore,RnB/Soul
Tabia,Cannon,FAMU,"Fundamentals of Algorithms, Software Enginnering, Mobile Apps, Product Management, Theory Of Computation, Technical Interview",MO,Beginner,Intermediate,Intermediate,Intermediate,Beginner,Aries,Chinese,Vegan,RnB/Soul
Kay,Sweebe,NMSU,"Machine Learning, Fundamentals of Algorithms, Software Enginnering, Product Management, Technical Interview",NM,Beginner,Intermediate,N/A,Intermediate,Beginner,Taurus,Humans.. or cake,Prefer not to say,Synthwave
Kishor,Subedi,Howard,"Machine Learning, Fundamentals of Algorithms, Software Enginnering, Database Systems, Product Management, Theory Of Computation, Technical Interview",DC,Beginner,Intermediate,Intermediate,Intermediate,Intermediate,Libra,Indian,Carnivore,Rock
Saraah,Cooper,Morgan State,"Machine Learning, Fundamentals of Algorithms, Software Enginnering, Mobile Apps, Database Systems, Theory Of Computation, Technical Interview",MD,Beginner,Intermediate,Beginner,Intermediate,Beginner,Aries,American,Omnivore ,Gospel
Victoria,Velazquez,Howard,Product Management,IL,Intermediate,Beginner,Intermediate,Intermediate,Beginner,Pisces ,Puerto Rican ,Carnivore,Spanish
Anthony,Ong,CSUDH,"Machine Learning, Fundamentals of Algorithms, Software Enginnering, Database Systems, Theory Of Computation, Technical Interview",CA,Expert,Intermediate,Beginner,Intermediate,Intermediate,Cancer,Chinese,Carnivore,Hip-Hop/Rap
Jainel,M. Torres	Santos,UPRM,"Machine Learning, Fundamentals of Algorithms, Software Enginnering, Database Systems, Technical Interview",PR,Expert,Intermediate,Beginner,Beginner,Beginner,Cancer,Puerto Rican,Carnivore,Alternative
Cicely,Beckford,Howard,"Machine Learning, Fundamentals of Algorithms, Software Enginnering, Mobile Apps, Product Management, Theory Of Computation",DC,Intermediate,Beginner,Expert,Intermediate,Intermediate,Capricorn ,Chinese,Carnivore,RnB/Soul
Anita,Calmday,Howard,"Fundamentals of Algorithms, Software Enginnering, Mobile Apps, Database Systems, Product Management, Theory Of Computation, Technical Interview",NJ,Intermediate,Intermediate,Intermediate,Intermediate,Intermediate,Gemini,Nigerian,Carnivore,RnB/Soul
Peace,Aku,Howard,"Fundamentals of Algorithms, Software Enginnering, Mobile Apps, Database Systems, Theory Of Computation, Technical Interview",MD,Intermediate,Intermediate,Expert,Intermediate,Beginner,Capricorn,Chinese,Carnivore,Spanish
Biswash,Adhikari,Howard,"Fundamentals of Algorithms, Software Enginnering, Mobile Apps, Product Management, Theory Of Computation, Technical Interview",DC,Intermediate,Beginner,Intermediate,Intermediate,Beginner,Aries,Indian,Vegetarian,Rock
Taylor,Roper,Howard,"Software Enginnering, Mobile Apps, Database Systems, Product Management, Theory Of Computation, Technical Interview",IL,Beginner,Beginner,Beginner,Intermediate,Beginner,Capricorn,Jamaican/Soul Food,Carnivore,Gospel
Chris,Griffin,FAMU,"Fundamentals of Algorithms, Software Enginnering, Mobile Apps, Technical Interview",AL,Intermediate,Beginner,Expert,Beginner,Beginner,Gemini ,Soul Food,Carnivore,Hip-Hop/Rap
Morgan,Whitaker,Morgan State,"Machine Learning, Fundamentals of Algorithms, Database Systems, Product Management, Technical Interview",MD,N/A,Intermediate,Beginner,Beginner,N/A,Leo,Italian,Carnivore,RnB/Soul
Michael,McDonald,Morgan State,"Machine Learning, Fundamentals of Algorithms, Database Systems, Product Management, Theory Of Computation, Technical Interview",Bahamas,N/A,Intermediate,Beginner,N/A,N/A,Capricorn,Caribbean ,Carnivore,RnB/Soul
Maya,Nichols,Howard,"Fundamentals of Algorithms, Software Enginnering, Mobile Apps, Database Systems, Product Management, Theory Of Computation, Technical Interview",WI,Beginner,Beginner,Intermediate,Beginner,Beginner,Taurus,Soul Food,Vegetarian,Hip-Hop/Rap
Kiara,Bowen,Howard,"Fundamentals of Algorithms, Software Enginnering, Mobile Apps, Database Systems, Product Management, Theory Of Computation, Technical Interview",GA,N/A,Beginner,Intermediate,Beginner,Beginner,Taurus,American,Omnivore,Hip-Hop/Rap
Shaunelle,Thomas,Howard,"Fundamentals of Algorithms, Software Enginnering, Mobile Apps, Database Systems, Product Management, Theory Of Computation, Technical Interview",Guyana,Beginner,Beginner,Intermediate,Expert,Beginner,Sagitarrius,Caribbean Food,Carnivore,Jazz
Shumba,Brown,Howard,"Machine Learning, Fundamentals of Algorithms, Software Enginnering, Database Systems, Product Management, Theory Of Computation",JA,Intermediate,Intermediate,Intermediate,Intermediate,Intermediate,Capricorn,Jamaican ,Carnivore,Reggae
Kode,Williams,Howard,"Machine Learning, Fundamentals of Algorithms, Database Systems, Theory Of Computation, Technical Interview",CA,Intermediate,Intermediate,Expert,Expert,Expert,Virgo,Thai,Carnivore,RnB/Soul